USE medpal;

-- 清空所有表
DELETE FROM chat_message;
DELETE FROM payment;
DELETE FROM notification;
DELETE FROM service_record;
DELETE FROM evaluation;
DELETE FROM appointment_order;
DELETE FROM medical_record;
DELETE FROM doctor;
DELETE FROM department;
DELETE FROM hospital;
DELETE FROM companion;
DELETE FROM user;
DELETE FROM user_settings;

-- ==================== 用户表数据 ====================
INSERT INTO user (user_account, user_password, user_name, user_avatar, user_profile, user_role, user_phone, user_email, status, create_time) VALUES
('user001', '5f4dcc3b5aa765d61d8327deb882cf99', '张三', 'https://api.example.com/avatar/1.jpg', '患者，需要陪诊服务', 'user', '13800138001', 'user001@example.com', 1, '2025-01-15 10:30:00'),
('user002', '5f4dcc3b5aa765d61d8327deb882cf99', '李四', 'https://api.example.com/avatar/2.jpg', '患者，经常就医', 'user', '13800138002', 'user002@example.com', 1, '2025-01-16 11:20:00'),
('user003', '5f4dcc3b5aa765d61d8327deb882cf99', '王五', 'https://api.example.com/avatar/3.jpg', '患者，需要长期陪诊', 'user', '13800138003', 'user003@example.com', 1, '2025-01-17 09:15:00'),
('user004', '5f4dcc3b5aa765d61d8327deb882cf99', '赵六', 'https://api.example.com/avatar/4.jpg', '患者，首次使用平台', 'user', '13800138004', 'user004@example.com', 1, '2025-01-18 14:45:00'),
('user005', '5f4dcc3b5aa765d61d8327deb882cf99', '孙七', 'https://api.example.com/avatar/5.jpg', '患者，老年人', 'user', '13800138005', 'user005@example.com', 1, '2025-01-19 08:30:00'),
('user006', '5f4dcc3b5aa765d61d8327deb882cf99', '周八', 'https://api.example.com/avatar/6.jpg', '患者，需要专业陪诊', 'user', '13800138006', 'user006@example.com', 1, '2025-01-20 13:00:00'),
('user007', '5f4dcc3b5aa765d61d8327deb882cf99', '吴九', 'https://api.example.com/avatar/7.jpg', '患者，经常复诊', 'user', '13800138007', 'user007@example.com', 1, '2025-01-21 10:15:00'),
('user008', '5f4dcc3b5aa765d61d8327deb882cf99', '郑十', 'https://api.example.com/avatar/8.jpg', '患者，需要取报告', 'user', '13800138008', 'user008@example.com', 1, '2025-01-22 15:30:00'),
('user009', '5f4dcc3b5aa765d61d8327deb882cf99', '冯十一', 'https://api.example.com/avatar/9.jpg', '患者，需要协助缴费', 'user', '13800138009', 'user009@example.com', 1, '2025-01-23 11:45:00'),
('user010', '5f4dcc3b5aa765d61d8327deb882cf99', '陈十二', 'https://api.example.com/avatar/10.jpg', '患者，需要轮椅陪同', 'user', '13800138010', 'user010@example.com', 1, '2025-01-24 09:00:00'),
('user011', '5f4dcc3b5aa765d61d8327deb882cf99', '褚十三', 'https://api.example.com/avatar/11.jpg', '患者，需要心理疏导', 'user', '13800138011', 'user011@example.com', 1, '2025-01-25 12:30:00'),
('user012', '5f4dcc3b5aa765d61d8327deb882cf99', '卫十四', 'https://api.example.com/avatar/12.jpg', '患者，需要医学翻译', 'user', '13800138012', 'user012@example.com', 1, '2025-01-26 14:15:00'),
('user013', '5f4dcc3b5aa765d61d8327deb882cf99', '蒋十五', 'https://api.example.com/avatar/13.jpg', '患者，需要专业陪诊', 'user', '13800138013', 'user013@example.com', 1, '2025-01-27 10:45:00'),
('user014', '5f4dcc3b5aa765d61d8327deb882cf99', '沈十六', 'https://api.example.com/avatar/14.jpg', '患者，需要全天陪诊', 'user', '13800138014', 'user014@example.com', 1, '2025-01-28 13:20:00'),
('user015', '5f4dcc3b5aa765d61d8327deb882cf99', '韩十七', 'https://api.example.com/avatar/15.jpg', '患者，需要长期跟踪', 'user', '13800138015', 'user015@example.com', 1, '2025-01-29 11:00:00'),
('user016', '5f4dcc3b5aa765d61d8327deb882cf99', '杨十八', 'https://api.example.com/avatar/16.jpg', '患者，需要陪诊服务', 'user', '13800138016', 'user016@example.com', 1, '2025-01-30 15:45:00'),
('user017', '5f4dcc3b5aa765d61d8327deb882cf99', '朱十九', 'https://api.example.com/avatar/17.jpg', '患者，需要专业指导', 'user', '13800138017', 'user017@example.com', 1, '2025-01-31 09:30:00'),
('user018', '5f4dcc3b5aa765d61d8327deb882cf99', '秦二十', 'https://api.example.com/avatar/18.jpg', '患者，需要陪诊', 'user', '13800138018', 'user018@example.com', 1, '2025-02-01 12:15:00'),
('user019', '5f4dcc3b5aa765d61d8327deb882cf99', '尤二十一', 'https://api.example.com/avatar/19.jpg', '患者，需要协助', 'user', '13800138019', 'user019@example.com', 1, '2025-02-02 14:00:00'),
('user020', '5f4dcc3b5aa765d61d8327deb882cf99', '许二十二', 'https://api.example.com/avatar/20.jpg', '患者，需要服务', 'user', '13800138020', 'user020@example.com', 1, '2025-02-03 10:30:00');

-- ==================== 陪诊员表数据 ====================
INSERT INTO companion (companion_account, companion_password, companion_name, companion_phone, id_card, qualification_type, work_years, specialties, service_area, real_name_status, qualification_status, rating, service_count, status, create_time) VALUES
('companion001', '5f4dcc3b5aa765d61d8327deb882cf99', '王医生', '13900139001', '110101199001011234', 'nurse', 8, '心内科、老年护理', '北京市朝阳区', 'approved', 'approved', 4.8, 156, 1, '2024-12-01 08:00:00'),
('companion002', '5f4dcc3b5aa765d61d8327deb882cf99', '李护士', '13900139002', '110101199101021235', 'nurse', 6, '妇产科、儿科', '北京市东城区', 'approved', 'approved', 4.7, 142, 1, '2024-12-02 08:30:00'),
('companion003', '5f4dcc3b5aa765d61d8327deb882cf99', '张陪诊', '13900139003', '110101199201031236', 'caregiver', 5, '全科陪诊、康复护理', '北京市西城区', 'approved', 'approved', 4.6, 128, 1, '2024-12-03 09:00:00'),
('companion004', '5f4dcc3b5aa765d61d8327deb882cf99', '刘专家', '13900139004', '110101199301041237', 'nurse', 10, '肿瘤科、重症监护', '北京市海淀区', 'approved', 'approved', 4.9, 189, 1, '2024-12-04 09:30:00'),
('companion005', '5f4dcc3b5aa765d61d8327deb882cf99', '陈陪护', '13900139005', '110101199401051238', 'caregiver', 4, '老年护理、康复', '北京市丰台区', 'approved', 'approved', 4.5, 95, 1, '2024-12-05 10:00:00'),
('companion006', '5f4dcc3b5aa765d61d8327deb882cf99', '黄护理', '13900139006', '110101199501061239', 'nurse', 7, '神经科、精神心理', '北京市石景山区', 'approved', 'approved', 4.7, 134, 1, '2024-12-06 10:30:00'),
('companion007', '5f4dcc3b5aa765d61d8327deb882cf99', '吴陪诊', '13900139007', '110101199601071240', 'caregiver', 3, '全科陪诊、协助缴费', '北京市通州区', 'approved', 'approved', 4.4, 72, 1, '2024-12-07 11:00:00'),
('companion008', '5f4dcc3b5aa765d61d8327deb882cf99', '周医护', '13900139008', '110101199701081241', 'nurse', 9, '骨科、运动医学', '北京市昌平区', 'approved', 'approved', 4.8, 167, 1, '2024-12-08 11:30:00'),
('companion009', '5f4dcc3b5aa765d61d8327deb882cf99', '徐陪护', '13900139009', '110101199801091242', 'caregiver', 2, '新手陪诊、学习中', '北京市顺义区', 'approved', 'approved', 4.3, 45, 1, '2024-12-09 12:00:00'),
('companion010', '5f4dcc3b5aa765d61d8327deb882cf99', '孙专业', '13900139010', '110101199901101243', 'nurse', 11, '消化科、内分泌', '北京市房山区', 'approved', 'approved', 4.9, 201, 1, '2024-12-10 12:30:00'),
('companion011', '5f4dcc3b5aa765d61d8327deb882cf99', '郑陪诊', '13900139011', '110101200001111244', 'caregiver', 1, '初级陪诊员', '北京市门头沟区', 'approved', 'approved', 4.2, 28, 1, '2024-12-11 13:00:00'),
('companion012', '5f4dcc3b5aa765d61d8327deb882cf99', '冯护士', '13900139012', '110101200101121245', 'nurse', 8, '呼吸科、感染科', '北京市平谷区', 'approved', 'approved', 4.7, 145, 1, '2024-12-12 13:30:00'),
('companion013', '5f4dcc3b5aa765d61d8327deb882cf99', '陈陪护', '13900139013', '110101200201131246', 'caregiver', 6, '全科陪诊、取报告', '北京市怀柔区', 'approved', 'approved', 4.6, 118, 1, '2024-12-13 14:00:00'),
('companion014', '5f4dcc3b5aa765d61d8327deb882cf99', '褚医护', '13900139014', '110101200301141247', 'nurse', 12, '泌尿科、男科', '北京市密云区', 'approved', 'approved', 4.9, 215, 1, '2024-12-14 14:30:00'),
('companion015', '5f4dcc3b5aa765d61d8327deb882cf99', '卫陪诊', '13900139015', '110101200401151248', 'caregiver', 4, '全科陪诊、心理疏导', '北京市延庆区', 'approved', 'approved', 4.5, 88, 1, '2024-12-15 15:00:00'),
('companion016', '5f4dcc3b5aa765d61d8327deb882cf99', '蒋护理', '13900139016', '110101200501161249', 'nurse', 7, '眼科、耳鼻喉科', '北京市朝阳区', 'approved', 'approved', 4.7, 139, 1, '2024-12-16 15:30:00'),
('companion017', '5f4dcc3b5aa765d61d8327deb882cf99', '沈陪护', '13900139017', '110101200601171250', 'caregiver', 5, '全科陪诊、协助', '北京市东城区', 'approved', 'approved', 4.6, 105, 1, '2024-12-17 16:00:00'),
('companion018', '5f4dcc3b5aa765d61d8327deb882cf99', '韩医护', '13900139018', '110101200701181251', 'nurse', 9, '皮肤科、美容医学', '北京市西城区', 'approved', 'approved', 4.8, 172, 1, '2024-12-18 16:30:00'),
('companion019', '5f4dcc3b5aa765d61d8327deb882cf99', '杨陪诊', '13900139019', '110101200801191252', 'caregiver', 3, '全科陪诊、学习', '北京市海淀区', 'approved', 'approved', 4.4, 62, 1, '2024-12-19 17:00:00'),
('companion020', '5f4dcc3b5aa765d61d8327deb882cf99', '朱专业', '13900139020', '110101200901201253', 'nurse', 10, '口腔科、牙周病', '北京市丰台区', 'approved', 'approved', 4.8, 184, 1, '2024-12-20 17:30:00');
USE medpal;

-- ==================== 医院表数据 ====================
INSERT INTO hospital (hospital_name, hospital_level, address, latitude, longitude, phone, introduction, status, create_time) VALUES
('北京协和医院', '三甲', '北京市东城区王府井帅府园1号', 39.9042, 116.4074, '010-65296114', '中国医学科学院北京协和医院是一所集医疗、教学、科研于一体的现代化综合医院', 1, '2024-01-01 08:00:00'),
('北京大学第一医院', '三甲', '北京市西城区西什库街8号', 39.9289, 116.3576, '010-83572211', '北京大学第一医院是一所集医疗、教学、科研于一体的现代化综合医院', 1, '2024-01-02 08:30:00'),
('中国人民解放军总医院', '三甲', '北京市海淀区中关村南大街28号', 39.9987, 116.3270, '010-66887329', '中国人民解放军总医院是一所集医疗、教学、科研于一体的现代化综合医院', 1, '2024-01-03 09:00:00'),
('北京医院', '三甲', '北京市东城区王府井1号', 39.9042, 116.4074, '010-85132266', '北京医院是一所集医疗、教学、科研于一体的现代化综合医院', 1, '2024-01-04 09:30:00'),
('北京同仁医院', '三甲', '北京市东城区崇文门内大街33号', 39.8987, 116.4176, '010-58269911', '北京同仁医院是一所集医疗、教学、科研于一体的现代化综合医院', 1, '2024-01-05 10:00:00'),
('北京儿童医院', '三甲', '北京市西城区南礼士路56号', 39.9289, 116.3576, '010-59718899', '北京儿童医院是一所集医疗、教学、科研于一体的现代化综合医院', 1, '2024-01-06 10:30:00'),
('北京妇产医院', '三甲', '北京市朝阳区姚家园路251号', 39.9042, 116.4074, '010-85976699', '北京妇产医院是一所集医疗、教学、科研于一体的现代化综合医院', 1, '2024-01-07 11:00:00'),
('北京肿瘤医院', '三甲', '北京市朝阳区潘家园南里17号', 39.9042, 116.4074, '010-87788899', '北京肿瘤医院是一所集医疗、教学、科研于一体的现代化综合医院', 1, '2024-01-08 11:30:00'),
('北京安定医院', '三甲', '北京市朝阳区八里庄北里7号', 39.9042, 116.4074, '010-58303322', '北京安定医院是一所集医疗、教学、科研于一体的现代化综合医院', 1, '2024-01-09 12:00:00'),
('北京积水潭医院', '三甲', '北京市西城区新街口外大街31号', 39.9289, 116.3576, '010-58516688', '北京积水潭医院是一所集医疗、教学、科研于一体的现代化综合医院', 1, '2024-01-10 12:30:00'),
('北京朝阳医院', '三甲', '北京市朝阳区工人体育场南路8号', 39.9042, 116.4074, '010-85231122', '北京朝阳医院是一所集医疗、教学、科研于一体的现代化综合医院', 1, '2024-01-11 13:00:00'),
('北京友谊医院', '三甲', '北京市宣武区宣武门外南大街95号', 39.8987, 116.4176, '010-63138665', '北京友谊医院是一所集医疗、教学、科研于一体的现代化综合医院', 1, '2024-01-12 13:30:00'),
('北京天坛医院', '三甲', '北京市东城区南边户胡同6号', 39.8987, 116.4176, '010-67096611', '北京天坛医院是一所集医疗、教学、科研于一体的现代化综合医院', 1, '2024-01-13 14:00:00'),
('北京宣武医院', '三甲', '北京市宣武区长椿街45号', 39.8987, 116.4176, '010-83198899', '北京宣武医院是一所集医疗、教学、科研于一体的现代化综合医院', 1, '2024-01-14 14:30:00'),
('北京中医医院', '三甲', '北京市东城区美术馆后街23号', 39.9042, 116.4074, '010-64035566', '北京中医医院是一所集医疗、教学、科研于一体的现代化综合医院', 1, '2024-01-15 15:00:00'),
('北京中日友好医院', '三甲', '北京市朝阳区樱花东路2号', 39.9042, 116.4074, '010-84205566', '北京中日友好医院是一所集医疗、教学、科研于一体的现代化综合医院', 1, '2024-01-16 15:30:00'),
('北京阜外医院', '三甲', '北京市西城区北礼士路167号', 39.9289, 116.3576, '010-88398866', '北京阜外医院是一所集医疗、教学、科研于一体的现代化综合医院', 1, '2024-01-17 16:00:00'),
('北京地坛医院', '三甲', '北京市朝阳区京顺东街106号', 39.9042, 116.4074, '010-84322566', '北京地坛医院是一所集医疗、教学、科研于一体的现代化综合医院', 1, '2024-01-18 16:30:00'),
('北京佑安医院', '三甲', '北京市丰台区右安门外媒体村街1号', 39.8987, 116.4176, '010-83956114', '北京佑安医院是一所集医疗、教学、科研于一体的现代化综合医院', 1, '2024-01-19 17:00:00'),
('北京清华长庚医院', '三甲', '北京市昌平区回龙观镇北清路1号', 40.0581, 116.3270, '010-56118899', '北京清华长庚医院是一所集医疗、教学、科研于一体的现代化综合医院', 1, '2024-01-20 17:30:00');

-- ==================== 科室表数据 ====================
INSERT INTO department (hospital_id, department_name, department_code, introduction, status, create_time) VALUES
(1, '心内科', 'XNK', '心内科是医院的重点科室，拥有先进的诊疗设备', 1, '2024-01-01 08:00:00'),
(1, '神经科', 'SJK', '神经科拥有一支专业的医疗团队', 1, '2024-01-01 08:30:00'),
(1, '肿瘤科', 'ZLK', '肿瘤科是医院的特色科室', 1, '2024-01-01 09:00:00'),
(2, '妇产科', 'FCK', '妇产科拥有先进的医疗设备和专业的医疗团队', 1, '2024-01-02 08:00:00'),
(2, '儿科', 'EK', '儿科是医院的重点科室', 1, '2024-01-02 08:30:00'),
(2, '骨科', 'GK', '骨科拥有一支专业的医疗团队', 1, '2024-01-02 09:00:00'),
(3, '消化科', 'XHK', '消化科是医院的特色科室', 1, '2024-01-03 08:00:00'),
(3, '呼吸科', 'HXK', '呼吸科拥有先进的诊疗设备', 1, '2024-01-03 08:30:00'),
(3, '泌尿科', 'MNK', '泌尿科是医院的重点科室', 1, '2024-01-03 09:00:00'),
(4, '眼科', 'YK', '眼科拥有一支专业的医疗团队', 1, '2024-01-04 08:00:00'),
(4, '耳鼻喉科', 'EBHK', '耳鼻喉科是医院的特色科室', 1, '2024-01-04 08:30:00'),
(4, '皮肤科', 'PFK', '皮肤科拥有先进的诊疗设备', 1, '2024-01-04 09:00:00'),
(5, '口腔科', 'KQK', '口腔科是医院的重点科室', 1, '2024-01-05 08:00:00'),
(5, '精神心理科', 'JSXLK', '精神心理科拥有一支专业的医疗团队', 1, '2024-01-05 08:30:00'),
(5, '康复医学科', 'KHYXK', '康复医学科是医院的特色科室', 1, '2024-01-05 09:00:00'),
(6, '内分泌科', 'NFMK', '内分泌科拥有先进的诊疗设备', 1, '2024-01-06 08:00:00'),
(6, '风湿免疫科', 'FSMYK', '风湿免疫科是医院的重点科室', 1, '2024-01-06 08:30:00'),
(6, '肾内科', 'SNK', '肾内科拥有一支专业的医疗团队', 1, '2024-01-06 09:00:00'),
(7, '血液科', 'XXK', '血液科是医院的特色科室', 1, '2024-01-07 08:00:00'),
(7, '感染科', 'GRK', '感染科拥有先进的诊疗设备', 1, '2024-01-07 08:30:00');

-- ==================== 医生表数据 ====================
INSERT INTO doctor (hospital_id, department_id, doctor_name, doctor_title, specialties, introduction, clinic_time, status, create_time) VALUES
(1, 1, '王医生', '主任医师', '心脏病、高血压、冠心病', '王医生是心内科的专家，有20年的临床经验', '周一至周五 08:00-12:00', 1, '2024-01-01 08:00:00'),
(1, 1, '李医生', '副主任医师', '心律不齐、心衰', '李医生是心内科的副主任，有15年的临床经验', '周一至周四 14:00-18:00', 1, '2024-01-01 08:30:00'),
(1, 2, '张医生', '主任医师', '脑卒中、帕金森病', '张医生是神经科的专家，有18年的临床经验', '周二、周四 08:00-12:00', 1, '2024-01-01 09:00:00'),
(1, 3, '刘医生', '主任医师', '肺癌、胃癌、肝癌', '刘医生是肿瘤科的专家，有22年的临床经验', '周一、周三、周五 14:00-18:00', 1, '2024-01-01 09:30:00'),
(2, 4, '陈医生', '主任医师', '妇科肿瘤、不孕不育', '陈医生是妇产科的专家，有20年的临床经验', '周一至周五 08:00-12:00', 1, '2024-01-02 08:00:00'),
(2, 5, '黄医生', '副主任医师', '小儿感冒、小儿腹泻', '黄医生是儿科的副主任，有12年的临床经验', '周一至周四 14:00-18:00', 1, '2024-01-02 08:30:00'),
(2, 6, '吴医生', '主任医师', '骨折、关节炎', '吴医生是骨科的专家，有19年的临床经验', '周二、周四 08:00-12:00', 1, '2024-01-02 09:00:00'),
(3, 7, '周医生', '主任医师', '胃炎、胃溃疡、肠炎', '周医生是消化科的专家，有21年的临床经验', '周一、周三、周五 14:00-18:00', 1, '2024-01-03 08:00:00'),
(3, 8, '徐医生', '副主任医师', '哮喘、慢阻肺', '徐医生是呼吸科的副主任，有14年的临床经验', '周一至周四 08:00-12:00', 1, '2024-01-03 08:30:00'),
(3, 9, '孙医生', '主任医师', '前列腺炎、肾结石', '孙医生是泌尿科的专家，有20年的临床经验', '周二、周四 14:00-18:00', 1, '2024-01-03 09:00:00'),
(4, 10, '郑医生', '主任医师', '近视、白内障', '郑医生是眼科的专家，有18年的临床经验', '周一至周五 08:00-12:00', 1, '2024-01-04 08:00:00'),
(4, 11, '冯医生', '副主任医师', '中耳炎、鼻炎', '冯医生是耳鼻喉科的副主任，有13年的临床经验', '周一至周四 14:00-18:00', 1, '2024-01-04 08:30:00'),
(4, 12, '陈医生', '主任医师', '湿疹、痤疮', '陈医生是皮肤科的专家，有17年的临床经验', '周二、周四 08:00-12:00', 1, '2024-01-04 09:00:00'),
(5, 13, '褚医生', '主任医师', '牙周病、种植牙', '褚医生是口腔科的专家，有19年的临床经验', '周一、周三、周五 14:00-18:00', 1, '2024-01-05 08:00:00'),
(5, 14, '卫医生', '副主任医师', '抑郁症、焦虑症', '卫医生是精神心理科的副主任，有11年的临床经验', '周一至周四 08:00-12:00', 1, '2024-01-05 08:30:00'),
(5, 15, '蒋医生', '主任医师', '脑卒中康复、骨折康复', '蒋医生是康复医学科的专家，有16年的临床经验', '周二、周四 14:00-18:00', 1, '2024-01-05 09:00:00'),
(6, 16, '沈医生', '主任医师', '糖尿病、甲状腺疾病', '沈医生是内分泌科的专家，有20年的临床经验', '周一至周五 08:00-12:00', 1, '2024-01-06 08:00:00'),
(6, 17, '韩医生', '副主任医师', '类风湿关节炎、系统性红斑狼疮', '韩医生是风湿免疫科的副主任，有12年的临床经验', '周一至周四 14:00-18:00', 1, '2024-01-06 08:30:00'),
(6, 18, '杨医生', '主任医师', '肾炎、肾衰竭', '杨医生是肾内科的专家，有21年的临床经验', '周二、周四 08:00-12:00', 1, '2024-01-06 09:00:00'),
(7, 19, '朱医生', '主任医师', '白血病、淋巴瘤', '朱医生是血液科的专家，有22年的临床经验', '周一、周三、周五 14:00-18:00', 1, '2024-01-07 08:00:00');
USE medpal;

-- ==================== 订单表数据 ====================
INSERT INTO appointment_order (order_no, user_id, companion_id, hospital_id, department_id, doctor_id, appointment_date, duration, specific_needs, order_status, total_price, service_fee, extra_fee, platform_fee, payment_status, create_time) VALUES
('#202502011234567890', 1, 1, 1, 1, 1, '2025-02-10 09:00:00', '2h', '取报告、协助缴费', 'completed', 110.00, 100.00, 0.00, 10.00, 'paid', '2025-02-05 10:30:00'),
('#202502011234567891', 2, 2, 2, 4, 5, '2025-02-11 10:00:00', 'half_day', '协助挂号、陪同检查', 'completed', 220.00, 200.00, 0.00, 20.00, 'paid', '2025-02-05 11:20:00'),
('#202502011234567892', 3, 3, 3, 7, 8, '2025-02-12 14:00:00', 'full_day', '全天陪诊、轮椅陪同', 'completed', 385.00, 350.00, 0.00, 35.00, 'paid', '2025-02-05 12:15:00'),
('#202502011234567893', 4, 4, 1, 2, 3, '2025-02-13 08:30:00', '2h', '取报告、协助缴费', 'completed', 110.00, 100.00, 0.00, 10.00, 'paid', '2025-02-06 09:45:00'),
('#202502011234567894', 5, 5, 2, 5, 6, '2025-02-14 11:00:00', 'half_day', '陪同检查、协助挂号', 'completed', 220.00, 200.00, 0.00, 20.00, 'paid', '2025-02-06 10:30:00'),
('#202502011234567895', 6, 6, 3, 8, 9, '2025-02-15 15:00:00', '2h', '取报告、协助缴费', 'serving', 110.00, 100.00, 0.00, 10.00, 'paid', '2025-02-06 11:15:00'),
('#202502011234567896', 7, 7, 1, 3, 4, '2025-02-16 09:30:00', 'full_day', '全天陪诊、心理疏导', 'confirmed', 385.00, 350.00, 0.00, 35.00, 'paid', '2025-02-07 08:00:00'),
('#202502011234567897', 8, 8, 2, 6, 7, '2025-02-17 10:30:00', 'half_day', '陪同检查、取报告', 'confirmed', 220.00, 200.00, 0.00, 20.00, 'paid', '2025-02-07 09:30:00'),
('#202502011234567898', 9, 9, 3, 9, 10, '2025-02-18 14:30:00', '2h', '协助缴费、取报告', 'pending', 110.00, 100.00, 0.00, 10.00, 'unpaid', '2025-02-07 10:45:00'),
('#202502011234567899', 10, 10, 1, 1, 2, '2025-02-19 08:00:00', 'full_day', '全天陪诊、轮椅陪同', 'pending', 385.00, 350.00, 0.00, 35.00, 'unpaid', '2025-02-08 11:00:00'),
('#202502011234567900', 11, 1, 2, 4, 5, '2025-02-20 11:00:00', '2h', '取报告、协助缴费', 'pending', 110.00, 100.00, 0.00, 10.00, 'unpaid', '2025-02-08 12:30:00'),
('#202502011234567901', 12, 2, 3, 7, 8, '2025-02-21 15:00:00', 'half_day', '陪同检查、协助挂号', 'pending', 220.00, 200.00, 0.00, 20.00, 'unpaid', '2025-02-08 13:45:00'),
('#202502011234567902', 13, 3, 1, 2, 3, '2025-02-22 09:00:00', '2h', '取报告、协助缴费', 'pending', 110.00, 100.00, 0.00, 10.00, 'unpaid', '2025-02-09 08:15:00'),
('#202502011234567903', 14, 4, 2, 5, 6, '2025-02-23 10:30:00', 'full_day', '全天陪诊、心理疏导', 'pending', 385.00, 350.00, 0.00, 35.00, 'unpaid', '2025-02-09 09:30:00'),
('#202502011234567904', 15, 5, 3, 8, 9, '2025-02-24 14:00:00', 'half_day', '陪同检查、取报告', 'pending', 220.00, 200.00, 0.00, 20.00, 'unpaid', '2025-02-09 10:45:00'),
('#202502011234567905', 16, 6, 1, 3, 4, '2025-02-25 08:30:00', '2h', '协助缴费、取报告', 'pending', 110.00, 100.00, 0.00, 10.00, 'unpaid', '2025-02-10 11:00:00'),
('#202502011234567906', 17, 7, 2, 6, 7, '2025-02-26 11:00:00', 'full_day', '全天陪诊、轮椅陪同', 'pending', 385.00, 350.00, 0.00, 35.00, 'unpaid', '2025-02-10 12:15:00'),
('#202502011234567907', 18, 8, 3, 9, 10, '2025-02-27 15:30:00', 'half_day', '陪同检查、协助挂号', 'pending', 220.00, 200.00, 0.00, 20.00, 'unpaid', '2025-02-10 13:30:00'),
('#202502011234567908', 19, 9, 1, 1, 2, '2025-02-28 09:30:00', '2h', '取报告、协助缴费', 'pending', 110.00, 100.00, 0.00, 10.00, 'unpaid', '2025-02-11 08:45:00'),
('#202502011234567909', 20, 10, 2, 4, 5, '2025-03-01 10:00:00', 'full_day', '全天陪诊、心理疏导', 'pending', 385.00, 350.00, 0.00, 35.00, 'unpaid', '2025-02-11 10:00:00');

-- ==================== 病历表数据 ====================
INSERT INTO medical_record (user_id, record_no, hospital_name, department_name, doctor_name, visit_date, diagnosis, symptoms, treatment, prescription, check_results, doctor_advice, attachments, create_time) VALUES
(1, 'MR202502100001', '北京协和医院', '心内科', '王医生', '2025-02-10 09:00:00', '高血压伴心律不齐', '头晕、胸闷、心悸', '建议规律服药并复查心电图', '缬沙坦片，每日一次', '心电图提示窦性心律不齐', '低盐饮食，避免熬夜', '/api/file/preview/medical_record/1/report-ecg-20250210.jpg', '2025-02-10 16:30:00'),
(2, 'MR202502110001', '北京大学第一医院', '妇产科', '陈医生', '2025-02-11 10:00:00', '子宫肌瘤随访', '月经量增多', '建议定期复查彩超', '', '彩超提示肌瘤稳定', '三个月后复诊', '', '2025-02-11 17:10:00'),
(3, 'MR202502120001', '中国人民解放军总医院', '消化科', '周医生', '2025-02-12 14:00:00', '慢性胃炎', '胃胀、反酸', '口服抑酸药物治疗', '奥美拉唑，每日一次', '胃镜提示慢性浅表性胃炎', '清淡饮食，少食多餐', '/api/file/preview/medical_record/3/gastroscopy-20250212.pdf', '2025-02-12 18:00:00');

-- ==================== 评价表数据 ====================
INSERT INTO evaluation (order_id, user_id, companion_id, professionalism_score, attitude_score, efficiency_score, satisfaction_score, average_score, evaluation_text, status, create_time) VALUES
(1, 1, 1, 5, 5, 5, 5, 5.00, '王医生非常专业，服务态度很好，效率高，非常满意！', 'published', '2025-02-10 16:00:00'),
(2, 2, 2, 5, 4, 5, 5, 4.75, '李护士很耐心，陪同我完成了所有检查，推荐！', 'published', '2025-02-11 17:30:00'),
(3, 3, 3, 4, 5, 4, 5, 4.50, '张陪诊员很专业，全天陪诊很周到，谢谢！', 'published', '2025-02-12 18:00:00'),
(4, 4, 4, 5, 5, 5, 5, 5.00, '刘医生的陪诊服务非常好，解答了我很多疑问', 'published', '2025-02-13 16:30:00'),
(5, 5, 5, 4, 4, 5, 4, 4.25, '陈陪护很认真，协助我完成了所有流程', 'published', '2025-02-14 17:00:00'),
(6, 6, 6, 5, 5, 4, 5, 4.75, '黄护理非常专业，推荐给朋友', 'published', '2025-02-15 18:30:00'),
(7, 7, 7, 4, 5, 5, 5, 4.75, '吴陪诊员很热心，服务很周到', 'published', '2025-02-16 17:00:00'),
(8, 8, 8, 5, 5, 5, 5, 5.00, '周医护非常专业，陪诊经验丰富', 'published', '2025-02-17 18:00:00'),
(9, 9, 9, 4, 4, 4, 4, 4.00, '徐陪护虽然是新手，但很认真负责', 'published', '2025-02-18 17:30:00'),
(10, 10, 10, 5, 5, 5, 5, 5.00, '孙专业非常专业，陪诊经验丰富，非常满意', 'published', '2025-02-19 18:30:00'),
(11, 11, 1, 5, 5, 4, 5, 4.75, '王医生再次为我服务，依然很专业', 'published', '2025-02-20 16:00:00'),
(12, 12, 2, 4, 5, 5, 5, 4.75, '李护士很耐心，陪同我完成了检查', 'published', '2025-02-21 17:30:00'),
(13, 13, 3, 5, 4, 5, 4, 4.50, '张陪诊员很专业，推荐！', 'published', '2025-02-22 16:30:00'),
(14, 14, 4, 5, 5, 5, 5, 5.00, '刘医生的陪诊服务非常好', 'published', '2025-02-23 17:00:00'),
(15, 15, 5, 4, 4, 5, 4, 4.25, '陈陪护很认真，协助我完成了所有流程', 'published', '2025-02-24 18:30:00'),
(16, 16, 6, 5, 5, 4, 5, 4.75, '黄护理非常专业，推荐给朋友', 'published', '2025-02-25 17:00:00'),
(17, 17, 7, 4, 5, 5, 5, 4.75, '吴陪诊员很热心，服务很周到', 'published', '2025-02-26 18:00:00'),
(18, 18, 8, 5, 5, 5, 5, 5.00, '周医护非常专业，陪诊经验丰富', 'published', '2025-02-27 18:30:00'),
(19, 19, 9, 4, 4, 4, 4, 4.00, '徐陪护虽然是新手，但很认真负责', 'published', '2025-02-28 17:30:00'),
(20, 20, 10, 5, 5, 5, 5, 5.00, '孙专业非常专业，陪诊经验丰富，非常满意', 'published', '2025-03-01 18:30:00');

-- ==================== 服务记录表数据 ====================
INSERT INTO service_record (order_id, companion_id, user_id, service_process, doctor_advice, user_condition_change, service_summary, actual_duration, create_time) VALUES
(1, 1, 1, '挂号→候诊→就诊→取报告→缴费', '定期复查，控制血压', '血压稳定，状态良好', '全程陪诊，协助取报告和缴费，用户满意', 120, '2025-02-10 16:00:00'),
(2, 2, 2, '挂号→候诊→检查→取结果→缴费', '继续用药，定期复查', '检查结果正常，用户放心', '全程陪诊，协助完成检查和缴费', 240, '2025-02-11 17:30:00'),
(3, 3, 3, '挂号→候诊→就诊→检查→取报告→缴费', '加强锻炼，调整饮食', '身体状况改善，用户满意', '全天陪诊，轮椅陪同，用户非常满意', 480, '2025-02-12 18:00:00'),
(4, 4, 4, '挂号→候诊→就诊→取报告→缴费', '定期复查，控制血压', '血压稳定，状态良好', '全程陪诊，协助取报告和缴费', 120, '2025-02-13 16:30:00'),
(5, 5, 5, '挂号→候诊→检查→取结果→缴费', '继续用药，定期复查', '检查结果正常，用户放心', '全程陪诊，协助完成检查和缴费', 240, '2025-02-14 17:00:00'),
(6, 6, 6, '挂号→候诊→就诊→取报告→缴费', '加强锻炼，调整饮食', '身体状况改善，用户满意', '全程陪诊，协助取报告和缴费', 120, '2025-02-15 18:30:00'),
(7, 7, 7, '挂号→候诊→就诊→检查→取报告→缴费', '定期复查，控制血压', '血压稳定，状态良好', '全天陪诊，心理疏导，用户满意', 480, '2025-02-16 17:00:00'),
(8, 8, 8, '挂号→候诊→检查→取结果→缴费', '继续用药，定期复查', '检查结果正常，用户放心', '全程陪诊，协助完成检查和缴费', 240, '2025-02-17 18:00:00'),
(9, 9, 9, '挂号→候诊→就诊→取报告→缴费', '加强锻炼，调整饮食', '身体状况改善，用户满意', '全程陪诊，协助取报告和缴费', 120, '2025-02-18 17:30:00'),
(10, 10, 10, '挂号→候诊→就诊→检查→取报告→缴费', '定期复查，控制血压', '血压稳定，状态良好', '全天陪诊，轮椅陪同，用户非常满意', 480, '2025-02-19 18:30:00'),
(11, 1, 11, '挂号→候诊→就诊→取报告→缴费', '定期复查，控制血压', '血压稳定，状态良好', '全程陪诊，协助取报告和缴费', 120, '2025-02-20 16:00:00'),
(12, 2, 12, '挂号→候诊→检查→取结果→缴费', '继续用药，定期复查', '检查结果正常，用户放心', '全程陪诊，协助完成检查和缴费', 240, '2025-02-21 17:30:00'),
(13, 3, 13, '挂号→候诊→就诊→取报告→缴费', '加强锻炼，调整饮食', '身体状况改善，用户满意', '全程陪诊，协助取报告和缴费', 120, '2025-02-22 16:30:00'),
(14, 4, 14, '挂号→候诊→就诊→检查→取报告→缴费', '定期复查，控制血压', '血压稳定，状态良好', '全天陪诊，心理疏导，用户满意', 480, '2025-02-23 17:00:00'),
(15, 5, 15, '挂号→候诊→检查→取结果→缴费', '继续用药，定期复查', '检查结果正常，用户放心', '全程陪诊，协助完成检查和缴费', 240, '2025-02-24 18:30:00'),
(16, 6, 16, '挂号→候诊→就诊→取报告→缴费', '加强锻炼，调整饮食', '身体状况改善，用户满意', '全程陪诊，协助取报告和缴费', 120, '2025-02-25 17:00:00'),
(17, 7, 17, '挂号→候诊→就诊→检查→取报告→缴费', '定期复查，控制血压', '血压稳定，状态良好', '全天陪诊，轮椅陪同，用户非常满意', 480, '2025-02-26 18:00:00'),
(18, 8, 18, '挂号→候诊→检查→取结果→缴费', '继续用药，定期复查', '检查结果正常，用户放心', '全程陪诊，协助完成检查和缴费', 240, '2025-02-27 18:30:00'),
(19, 9, 19, '挂号→候诊→就诊→取报告→缴费', '加强锻炼，调整饮食', '身体状况改善，用户满意', '全程陪诊，协助取报告和缴费', 120, '2025-02-28 17:30:00'),
(20, 10, 20, '挂号→候诊→就诊→检查→取报告→缴费', '定期复查，控制血压', '血压稳定，状态良好', '全天陪诊，心理疏导，用户满意', 480, '2025-03-01 18:30:00');
USE medpal;

-- ==================== 聊天记录表数据 ====================
INSERT INTO chat_message (order_id, sender_id, sender_type, receiver_id, message_type, content, is_read, create_time) VALUES
(1, 1, 'user', 1, 'text', '王医生，请问我的报告什么时候能取？', 0, '2025-02-10 09:30:00'),
(1, 1, 'companion', 1, 'text', '用户您好，报告预计下午3点可以取，我会帮您取的', 1, '2025-02-10 09:35:00'),
(2, 2, 'user', 2, 'text', '李护士，检查需要多长时间？', 0, '2025-02-11 10:15:00'),
(2, 2, 'companion', 2, 'text', '用户您好，检查大约需要30分钟，请放心', 1, '2025-02-11 10:20:00'),
(3, 3, 'user', 3, 'text', '张陪诊员，我需要轮椅陪同', 0, '2025-02-12 14:30:00'),
(3, 3, 'companion', 3, 'text', '用户您好，我已经为您准备好轮椅，请放心', 1, '2025-02-12 14:35:00'),
(4, 4, 'user', 4, 'text', '刘医生，请问我的血压怎么样？', 0, '2025-02-13 08:45:00'),
(4, 4, 'companion', 4, 'text', '用户您好，您的血压控制得很好，继续保持', 1, '2025-02-13 08:50:00'),
(5, 5, 'user', 5, 'text', '陈陪护，我需要协助缴费', 0, '2025-02-14 11:30:00'),
(5, 5, 'companion', 5, 'text', '用户您好，我来帮您缴费，请跟我来', 1, '2025-02-14 11:35:00'),
(6, 6, 'user', 6, 'text', '黄护理，请问检查结果什么时候出来？', 0, '2025-02-15 15:30:00'),
(6, 6, 'companion', 6, 'text', '用户您好，检查结果预计明天出来，我会帮您查询', 1, '2025-02-15 15:35:00'),
(7, 7, 'user', 7, 'text', '吴陪诊员，我感到有点紧张', 0, '2025-02-16 09:45:00'),
(7, 7, 'companion', 7, 'text', '用户您好，不用紧张，医生很专业，我会一直陪着您', 1, '2025-02-16 09:50:00'),
(8, 8, 'user', 8, 'text', '周医护，请问需要做什么准备？', 0, '2025-02-17 10:45:00'),
(8, 8, 'companion', 8, 'text', '用户您好，请空腹来医院，其他的我会帮您安排', 1, '2025-02-17 10:50:00'),
(9, 9, 'user', 9, 'text', '徐陪护，我需要取报告', 0, '2025-02-18 14:45:00'),
(9, 9, 'companion', 9, 'text', '用户您好，我来帮您取报告，请稍等', 1, '2025-02-18 14:50:00'),
(10, 10, 'user', 10, 'text', '孙专业，全天陪诊需要注意什么？', 0, '2025-02-19 08:15:00'),
(10, 10, 'companion', 10, 'text', '用户您好，请穿舒适的衣服，我会全程陪同您', 1, '2025-02-19 08:20:00');

-- ==================== 支付记录表数据 ====================
INSERT INTO payment (payment_no, order_id, order_no, user_id, amount, payment_channel, payment_status, transaction_id, paid_time, voucher_no, description, create_time) VALUES
('PAY20250210001', 1, '#202502011234567890', 1, 110.00, 'mock', 'paid', 'TXN20250210001', '2025-02-10 10:00:00', 'VOUCHER20250210001', '订单#202502011234567890支付', '2025-02-10 09:50:00'),
('PAY20250211001', 2, '#202502011234567891', 2, 220.00, 'mock', 'paid', 'TXN20250211001', '2025-02-11 11:00:00', 'VOUCHER20250211001', '订单#202502011234567891支付', '2025-02-11 10:50:00'),
('PAY20250212001', 3, '#202502011234567892', 3, 385.00, 'mock', 'paid', 'TXN20250212001', '2025-02-12 14:30:00', 'VOUCHER20250212001', '订单#202502011234567892支付', '2025-02-12 14:15:00'),
('PAY20250213001', 4, '#202502011234567893', 4, 110.00, 'mock', 'paid', 'TXN20250213001', '2025-02-13 09:00:00', 'VOUCHER20250213001', '订单#202502011234567893支付', '2025-02-13 08:45:00'),
('PAY20250214001', 5, '#202502011234567894', 5, 220.00, 'mock', 'paid', 'TXN20250214001', '2025-02-14 11:30:00', 'VOUCHER20250214001', '订单#202502011234567894支付', '2025-02-14 11:15:00'),
('PAY20250215001', 6, '#202502011234567895', 6, 110.00, 'mock', 'paid', 'TXN20250215001', '2025-02-15 15:30:00', 'VOUCHER20250215001', '订单#202502011234567895支付', '2025-02-15 15:15:00'),
('PAY20250216001', 7, '#202502011234567896', 7, 385.00, 'mock', 'paid', 'TXN20250216001', '2025-02-16 09:45:00', 'VOUCHER20250216001', '订单#202502011234567896支付', '2025-02-16 09:30:00'),
('PAY20250217001', 8, '#202502011234567897', 8, 220.00, 'mock', 'paid', 'TXN20250217001', '2025-02-17 11:00:00', 'VOUCHER20250217001', '订单#202502011234567897支付', '2025-02-17 10:45:00'),
('PAY20250218001', 9, '#202502011234567898', 9, 110.00, 'mock', 'unpaid', NULL, NULL, NULL, '订单#202502011234567898支付', '2025-02-18 14:45:00'),
('PAY20250219001', 10, '#202502011234567899', 10, 385.00, 'mock', 'unpaid', NULL, NULL, NULL, '订单#202502011234567899支付', '2025-02-19 08:15:00'),
('PAY20250220001', 11, '#202502011234567900', 11, 110.00, 'mock', 'unpaid', NULL, NULL, NULL, '订单#202502011234567900支付', '2025-02-20 11:00:00'),
('PAY20250221001', 12, '#202502011234567901', 12, 220.00, 'mock', 'unpaid', NULL, NULL, NULL, '订单#202502011234567901支付', '2025-02-21 15:00:00'),
('PAY20250222001', 13, '#202502011234567902', 13, 110.00, 'mock', 'unpaid', NULL, NULL, NULL, '订单#202502011234567902支付', '2025-02-22 09:00:00'),
('PAY20250223001', 14, '#202502011234567903', 14, 385.00, 'mock', 'unpaid', NULL, NULL, NULL, '订单#202502011234567903支付', '2025-02-23 10:30:00'),
('PAY20250224001', 15, '#202502011234567904', 15, 220.00, 'mock', 'unpaid', NULL, NULL, NULL, '订单#202502011234567904支付', '2025-02-24 14:00:00'),
('PAY20250225001', 16, '#202502011234567905', 16, 110.00, 'mock', 'unpaid', NULL, NULL, NULL, '订单#202502011234567905支付', '2025-02-25 08:30:00'),
('PAY20250226001', 17, '#202502011234567906', 17, 385.00, 'mock', 'unpaid', NULL, NULL, NULL, '订单#202502011234567906支付', '2025-02-26 11:00:00'),
('PAY20250227001', 18, '#202502011234567907', 18, 220.00, 'mock', 'unpaid', NULL, NULL, NULL, '订单#202502011234567907支付', '2025-02-27 15:30:00'),
('PAY20250228001', 19, '#202502011234567908', 19, 110.00, 'mock', 'unpaid', NULL, NULL, NULL, '订单#202502011234567908支付', '2025-02-28 09:30:00'),
('PAY20250301001', 20, '#202502011234567909', 20, 385.00, 'mock', 'unpaid', NULL, NULL, NULL, '订单#202502011234567909支付', '2025-03-01 10:00:00');

-- ==================== 平台内容表数据 ====================
INSERT INTO content (title, type, content, summary, tags, priority, status, view_count, publish_time, create_time) VALUES
('春季门诊就医准备清单', 'article', '# 春季门诊就医准备清单\n\n- 提前预约挂号\n- 带好医保卡/身份证\n- 近 3 个月检查报告整理好\n\n> 建议提前 20 分钟到院，避免高峰拥堵。', '就医前准备材料、时间安排与到院建议，减少现场等待。', '就医指南,门诊,准备清单', 0, 'published', 56, '2025-02-11 09:30:00', '2025-02-10 16:20:00'),
('高血压复诊沟通要点', 'article', '# 高血压复诊沟通要点\n\n1. 近两周家庭血压记录\n2. 服药时间与不适反应\n3. 饮食与运动执行情况\n\n**重点**：不要凭感觉停药。', '围绕血压记录、用药反应和生活方式，帮助患者高效复诊沟通。', '慢病管理,高血压,复诊', 0, 'published', 32, '2025-02-15 10:00:00', '2025-02-14 18:10:00'),
('节假日门诊服务时间调整通知', 'announcement', '# 节假日门诊服务时间调整\n\n部分门诊在节假日实行半日门诊，请提前确认排班。\n\n- 线上问诊通道正常开放\n- 急诊 24 小时不受影响', '请提前查看各院区节假日排班，避免空跑。', 'targets:users,companions', 10, 'published', 120, '2025-02-16 12:00:00', '2025-02-16 11:30:00'),
('陪诊服务规范升级公告', 'announcement', '# 陪诊服务规范升级\n\n平台将于下周上线新的服务留痕要求，保障患者权益与服务质量。', '下周起执行新服务留痕规范，陪诊员请提前查看规则。', 'targets:companions', 8, 'published', 88, '2025-02-18 08:00:00', '2025-02-17 19:20:00');

-- ==================== 消息通知表数据 ====================
INSERT INTO notification (user_id, type, title, content, related_type, related_id, status, create_time) VALUES
(1, 'system', '欢迎使用MedPal', '感谢您使用MedPal陪诊服务，我们致力于为您提供专业、贴心的就医陪诊服务', NULL, NULL, 'read', '2025-01-15 10:30:00'),
(1, 'order', '订单创建成功', '您的陪诊订单 #202502011234567890 已创建成功，请尽快完成支付', 'order', 1, 'read', '2025-02-05 10:30:00'),
(1, 'order', '订单支付成功', '您的订单 #202502011234567890 支付成功，金额¥110', 'order', 1, 'read', '2025-02-10 10:00:00'),
(2, 'system', '账户安全提醒', '您的账户已绑定手机号，请妥善保管账户信息', NULL, NULL, 'read', '2025-01-16 11:20:00'),
(2, 'order', '订单创建成功', '您的陪诊订单 #202502011234567891 已创建成功，请尽快完成支付', 'order', 2, 'read', '2025-02-05 11:20:00'),
(3, 'activity', '新用户专享优惠', '恭喜您获得新用户专享优惠券！首单立减50元', NULL, NULL, 'unread', '2025-01-17 09:15:00'),
(4, 'order', '订单已被接单', '您的陪诊订单 #202502011234567893 已被接单，陪诊员刘医生将为您提供服务', 'order', 4, 'unread', '2025-02-06 09:45:00'),
(5, 'order', '订单支付成功', '您的订单 #202502011234567894 支付成功，金额¥220', 'order', 5, 'read', '2025-02-14 11:30:00'),
(6, 'system', '服务提醒', '您有一个待支付的订单，请及时完成支付', NULL, NULL, 'unread', '2025-02-06 11:15:00'),
(7, 'order', '订单已被接单', '您的陪诊订单 #202502011234567896 已被接单，陪诊员吴陪诊员将为您提供服务', 'order', 7, 'unread', '2025-02-07 08:00:00'),
(8, 'order', '订单支付成功', '您的订单 #202502011234567897 支付成功，金额¥220', 'order', 8, 'read', '2025-02-17 11:00:00'),
(9, 'system', '服务提醒', '您有一个待支付的订单，请及时完成支付', NULL, NULL, 'unread', '2025-02-07 10:45:00'),
(10, 'order', '订单已被接单', '您的陪诊订单 #202502011234567899 已被接单，陪诊员孙专业将为您提供服务', 'order', 10, 'unread', '2025-02-08 11:00:00'),
(11, 'system', '服务提醒', '您有一个待支付的订单，请及时完成支付', NULL, NULL, 'unread', '2025-02-08 12:30:00'),
(12, 'order', '订单创建成功', '您的陪诊订单 #202502011234567901 已创建成功，请尽快完成支付', 'order', 12, 'unread', '2025-02-08 13:45:00'),
(13, 'system', '账户安全提醒', '您的账户已绑定手机号，请妥善保管账户信息', NULL, NULL, 'read', '2025-02-09 08:15:00'),
(14, 'order', '订单创建成功', '您的陪诊订单 #202502011234567903 已创建成功，请尽快完成支付', 'order', 14, 'unread', '2025-02-09 09:30:00'),
(15, 'activity', '平台活动', '参与平台活动，赢取优惠券和积分', NULL, NULL, 'unread', '2025-02-09 10:45:00'),
(16, 'order', '订单创建成功', '您的陪诊订单 #202502011234567905 已创建成功，请尽快完成支付', 'order', 16, 'unread', '2025-02-10 11:00:00'),
(17, 'system', '服务提醒', '您有一个待支付的订单，请及时完成支付', NULL, NULL, 'unread', '2025-02-10 12:15:00'),
(18, 'order', '订单创建成功', '您的陪诊订单 #202502011234567907 已创建成功，请尽快完成支付', 'order', 18, 'unread', '2025-02-10 13:30:00'),
(19, 'system', '账户安全提醒', '您的账户已绑定手机号，请妥善保管账户信息', NULL, NULL, 'read', '2025-02-11 08:45:00'),
(20, 'order', '订单创建成功', '您的陪诊订单 #202502011234567909 已创建成功，请尽快完成支付', 'order', 20, 'unread', '2025-02-11 10:00:00');

-- ==================== 用户设置表数据 ====================
INSERT INTO user_settings (user_id, order_notify, activity_notify, system_notify, medical_record_visibility, profile_visibility, chat_history_retention, create_time) VALUES
(1, 1, 1, 1, 'private', 'private', 30, '2025-01-15 10:30:00'),
(2, 1, 1, 1, 'private', 'private', 30, '2025-01-16 11:20:00'),
(3, 1, 1, 1, 'private', 'private', 30, '2025-01-17 09:15:00'),
(4, 1, 1, 1, 'private', 'private', 30, '2025-01-18 14:45:00'),
(5, 1, 1, 1, 'private', 'private', 30, '2025-01-19 08:30:00'),
(6, 1, 1, 1, 'private', 'private', 30, '2025-01-20 13:00:00'),
(7, 1, 1, 1, 'private', 'private', 30, '2025-01-21 10:15:00'),
(8, 1, 1, 1, 'private', 'private', 30, '2025-01-22 15:30:00'),
(9, 1, 1, 1, 'private', 'private', 30, '2025-01-23 11:45:00'),
(10, 1, 1, 1, 'private', 'private', 30, '2025-01-24 09:00:00'),
(11, 1, 1, 1, 'private', 'private', 30, '2025-01-25 12:30:00'),
(12, 1, 1, 1, 'private', 'private', 30, '2025-01-26 14:15:00'),
(13, 1, 1, 1, 'private', 'private', 30, '2025-01-27 10:45:00'),
(14, 1, 1, 1, 'private', 'private', 30, '2025-01-28 13:20:00'),
(15, 1, 1, 1, 'private', 'private', 30, '2025-01-29 11:00:00'),
(16, 1, 1, 1, 'private', 'private', 30, '2025-01-30 15:45:00'),
(17, 1, 1, 1, 'private', 'private', 30, '2025-01-31 09:30:00'),
(18, 1, 1, 1, 'private', 'private', 30, '2025-02-01 12:15:00'),
(19, 1, 1, 1, 'private', 'private', 30, '2025-02-02 14:00:00'),
(20, 1, 1, 1, 'private', 'private', 30, '2025-02-03 10:30:00');

SELECT '✅ 所有模拟数据插入完成！' AS result;
SELECT CONCAT('用户表: ', COUNT(*)) AS user_count FROM user;
SELECT CONCAT('陪诊员表: ', COUNT(*)) AS companion_count FROM companion;
SELECT CONCAT('医院表: ', COUNT(*)) AS hospital_count FROM hospital;
SELECT CONCAT('科室表: ', COUNT(*)) AS department_count FROM department;
SELECT CONCAT('医生表: ', COUNT(*)) AS doctor_count FROM doctor;
SELECT CONCAT('订单表: ', COUNT(*)) AS order_count FROM appointment_order;
SELECT CONCAT('评价表: ', COUNT(*)) AS evaluation_count FROM evaluation;
SELECT CONCAT('服务记录表: ', COUNT(*)) AS service_record_count FROM service_record;
SELECT CONCAT('聊天记录表: ', COUNT(*)) AS chat_count FROM chat_message;
SELECT CONCAT('支付记录表: ', COUNT(*)) AS payment_count FROM payment;
SELECT CONCAT('平台内容表: ', COUNT(*)) AS content_count FROM content;
SELECT CONCAT('消息通知表: ', COUNT(*)) AS notification_count FROM notification;
SELECT CONCAT('用户设置表: ', COUNT(*)) AS user_settings_count FROM user_settings;
